path	md5
src/vendor/kastore/kastore.c	52192b2223f9d03724c5c78caab9cd7b
src/vendor/kastore/kastore.h	6842ce0d1c4b65f4e5588e8a120e7940
src/vendor/kastore/LICENSE	f0260f2b55d11e6fe2884253041e57fa
src/vendor/kastore/VERSION.txt	37b34738ddce9734ae7857ca4d8ee6d3
src/vendor/tskit/LICENSE	f0260f2b55d11e6fe2884253041e57fa
src/vendor/tskit/tskit.h	24ed45f2782722de25fa12d637bcef4c
src/vendor/tskit/tskit/convert.c	d1f9f36c535a5f5a0384263ba4fb2b77
src/vendor/tskit/tskit/convert.h	30f43706a8afdd352437bed05d0ef92e
src/vendor/tskit/tskit/core.c	a6abc4a2516aa4fffaaf18a9525640ea
src/vendor/tskit/tskit/core.h	f628637c8e54cc38c432a6a2c250b621
src/vendor/tskit/tskit/genotypes.c	081732ffe9ebac0a188debe6423c68bf
src/vendor/tskit/tskit/genotypes.h	6fd48123f79cef2d5ab52a9e238d3f49
src/vendor/tskit/tskit/haplotype_matching.c	796555a250ee177098a32e880b1bfe3f
src/vendor/tskit/tskit/haplotype_matching.h	38c22d0e7e67b10b5561b442a9d60eb3
src/vendor/tskit/tskit/stats.c	0a5d507bb6bc2e7d6ff0cdd0370b03dc
src/vendor/tskit/tskit/stats.h	d792ec0abe0e2e0ea41d7f9f89017430
src/vendor/tskit/tskit/tables.c	b283201983f390770fe26d499e259e08
src/vendor/tskit/tskit/tables.h	f55a7b30395a5f43755355f0dca4fdd6
src/vendor/tskit/tskit/trees.c	f7ae697bc47e30171f88d8f109c6dc96
src/vendor/tskit/tskit/trees.h	e7a41d43e8d66c5af2f71aa58cdc89c4
src/vendor/tskit/VERSION.txt	54acb57afb70110fb7f8e1de35e176b4
